{
  "project_info": {
    "project_number": "657784573544",
    "firebase_url": "https://cet4056-canharuntokmak-1728816.firebaseio.com",
    "project_id": "cet4056-canharuntokmak-1728816",
    "storage_bucket": "cet4056-canharuntokmak-1728816.appspot.com"
  },
  "client": [
    {
      "client_info": {
        "mobilesdk_app_id": "1:657784573544:android:a1760c17c890cabad6b5dd",
        "android_client_info": {
          "package_name": "com.example.midterm"
        }
      },
      "oauth_client": [
        {
          "client_id": "657784573544-6mbrki0hu87r338a64dgk3t0b214bchg.apps.googleusercontent.com",
          "client_type": 1,
          "android_info": {
            "package_name": "com.example.midterm",
            "certificate_hash": "4ca2417d8b46dd844e5db61d487e1f41235f9aa8"
          }
        },
        {
          "client_id": "657784573544-etrctvddtkl26g3hcm8o060v1158lkhm.apps.googleusercontent.com",
          "client_type": 3
        }
      ],
      "api_key": [
        {
          "current_key": "AIzaSyA4rqNXm3SXS7SPuNAT4q2YvqVv1v4VNJg"
        }
      ],
      "services": {
        "appinvite_service": {
          "other_platform_oauth_client": [
            {
              "client_id": "657784573544-etrctvddtkl26g3hcm8o060v1158lkhm.apps.googleusercontent.com",
              "client_type": 3
            }
          ]
        }
      }
    }
  ],
  "configuration_version": "1"
}